Substrate (uM)	Initial velocity (1/s)
0	29.7328186
10	81.58929457
20	112.9223308
50	236.0594506
75	230.8201064
100	271.3934797
150	313.1848086
200	372.5552233
250	409.6250419
300	386.4969439